question,answer,context
What information is related to Ascaris lumbricoides?,Infected individuals with Ascaris lumbricoides may experience coughing and respiratory issues as part of the larval migration phase.
What are the key facts about Ascaris lumbricoides?,Infected individuals with Ascaris lumbricoides may experience coughing and respiratory issues as part of the larval migration phase.
What are the diagnostic features of Ascaris lumbricoides?,"The adult Ascaris lumbricoides worms live in the human small intestine, where they can grow up to 30 cm in length."
Can you describe characteristics of Ascaris lumbricoides?,"The adult Ascaris lumbricoides worms live in the human small intestine, where they can grow up to 30 cm in length."
How can Ascaris lumbricoides be identified?,The life cycle of Ascaris lumbricoides involves eggs being passed in feces and then ingested by a new host.
How can Ascaris lumbricoides be identified?,The life cycle of Ascaris lumbricoides involves eggs being passed in feces and then ingested by a new host.
What information is related to Ascaris lumbricoides?,Infections of Ascaris lumbricoides may lead to complications like malnutrition and intestinal blockages.
What information is related to Ascaris lumbricoides?,Infections of Ascaris lumbricoides may lead to complications like malnutrition and intestinal blockages.
How can Ascaris lumbricoides be identified?,Ascaris lumbricoides is a parasitic nematode commonly found in the intestines of humans.
What information is related to Ascaris lumbricoides?,Ascaris lumbricoides is a parasitic nematode commonly found in the intestines of humans.
Can you describe characteristics of Capillaria philippinensis?,"Capillaria philippinensis eggs hatch into larvae that migrate to the intestine, where they mature and cause severe abdominal pain."
How can Capillaria philippinensis be identified?,"Capillaria philippinensis eggs hatch into larvae that migrate to the intestine, where they mature and cause severe abdominal pain."
What are the key facts about Capillaria philippinensis?,"Capillaria philippinensis can cause severe gastrointestinal symptoms, including diarrhea, weight loss, and abdominal discomfort."
How can Capillaria philippinensis be identified?,"Capillaria philippinensis can cause severe gastrointestinal symptoms, including diarrhea, weight loss, and abdominal discomfort."
What information is related to Capillaria philippinensis?,"Capillaria philippinensis is often found in Southeast Asia, especially in regions where people consume raw freshwater fish."
What is important to know about Capillaria philippinensis?,"Capillaria philippinensis is often found in Southeast Asia, especially in regions where people consume raw freshwater fish."
What information is related to Capillaria philippinensis?,"Capillaria philippinensis is a parasitic roundworm that affects the human gastrointestinal system, causing capillariasis."
What are the key facts about Capillaria philippinensis?,"Capillaria philippinensis is a parasitic roundworm that affects the human gastrointestinal system, causing capillariasis."
What are the diagnostic features of Capillaria philippinensis?,"Capillaria philippinensis is often diagnosed through stool examination, where eggs or larvae can be detected."
What information is related to Capillaria philippinensis?,"Capillaria philippinensis is often diagnosed through stool examination, where eggs or larvae can be detected."
What is important to know about Enterobius vermicularis?,"Enterobius vermicularis is typically transmitted through contaminated food or surfaces, with an emphasis on hygiene to prevent infection."
What are the diagnostic features of Enterobius vermicularis?,"Enterobius vermicularis is typically transmitted through contaminated food or surfaces, with an emphasis on hygiene to prevent infection."
What is important to know about Enterobius vermicularis?,Enterobius vermicularis infections can lead to secondary bacterial infections due to constant scratching of the anal region.
Can you describe characteristics of Enterobius vermicularis?,Enterobius vermicularis infections can lead to secondary bacterial infections due to constant scratching of the anal region.
What information is related to Enterobius vermicularis?,"Enterobius vermicularis is a pinworm that primarily infects children, leading to itching around the anus."
What information is related to Enterobius vermicularis?,"Enterobius vermicularis is a pinworm that primarily infects children, leading to itching around the anus."
How can Enterobius vermicularis be identified?,Enterobius vermicularis eggs are highly infectious and can survive on surfaces for up to two weeks.
What are the key facts about Enterobius vermicularis?,Enterobius vermicularis eggs are highly infectious and can survive on surfaces for up to two weeks.
What information is related to Enterobius vermicularis?,Enterobius vermicularis is the most common helminth infection in children worldwide.
How can Enterobius vermicularis be identified?,Enterobius vermicularis is the most common helminth infection in children worldwide.
What are the key facts about Fasciolopsis buski?,"Fasciolopsis buski is associated with freshwater plants such as water chestnuts, where it can be contracted by eating contaminated plants."
How can Fasciolopsis buski be identified?,"Fasciolopsis buski is associated with freshwater plants such as water chestnuts, where it can be contracted by eating contaminated plants."
What is important to know about Fasciolopsis buski?,Fasciolopsis buski is known for its potential to cause liver and bile duct damage in humans and other hosts.
Can you describe characteristics of Fasciolopsis buski?,Fasciolopsis buski is known for its potential to cause liver and bile duct damage in humans and other hosts.
How can Fasciolopsis buski be identified?,"Fasciolopsis buski causes inflammation and infection in the intestines, liver, and bile ducts of the host."
Can you describe characteristics of Fasciolopsis buski?,"Fasciolopsis buski causes inflammation and infection in the intestines, liver, and bile ducts of the host."
What are the key facts about Fasciolopsis buski?,"Fasciolopsis buski is a trematode that causes fasciolopsiasis, an infection typically in humans and pigs."
What is important to know about Fasciolopsis buski?,"Fasciolopsis buski is a trematode that causes fasciolopsiasis, an infection typically in humans and pigs."
What are the diagnostic features of Fasciolopsis buski?,"Fasciolopsis buski infection is primarily treated with praziquantel, an anti-parasitic medication."
What are the key facts about Fasciolopsis buski?,"Fasciolopsis buski infection is primarily treated with praziquantel, an anti-parasitic medication."
How can Ascaris lumbricoides be identified?,"Ascaris lumbricoides eggs are large, spherical, and have a thick, mamillated outer shell, which can be observed in stool samples under the microscope."
What is important to know about Ascaris lumbricoides?,"Ascaris lumbricoides eggs are large, spherical, and have a thick, mamillated outer shell, which can be observed in stool samples under the microscope."
What information is related to Capillaria philippinensis?,"Under the microscope, Capillaria philippinensis eggs have a characteristic barrel shape with a distinct bipolar plug at each end."
What are the key facts about Capillaria philippinensis?,"Under the microscope, Capillaria philippinensis eggs have a characteristic barrel shape with a distinct bipolar plug at each end."
What is important to know about Enterobius vermicularis?,"The adult Enterobius vermicularis female is long and thin with a tapered body, while its eggs are oval with a flattened side, often seen under a light microscope."
Can you describe characteristics of Enterobius vermicularis?,"The adult Enterobius vermicularis female is long and thin with a tapered body, while its eggs are oval with a flattened side, often seen under a light microscope."
What information is related to Fasciolopsis buski?,"Fasciolopsis buski eggs are large and oval, with a prominent operculum visible under the microscope when stained."
What information is related to Fasciolopsis buski?,"Fasciolopsis buski eggs are large and oval, with a prominent operculum visible under the microscope when stained."
What are the diagnostic features of Ascaris lumbricoides?,"In a microscopic examination of an Ascaris lumbricoides egg, the inner embryo can be observed when the egg is stained and prepared on a glass slide."
What are the key facts about Ascaris lumbricoides?,"In a microscopic examination of an Ascaris lumbricoides egg, the inner embryo can be observed when the egg is stained and prepared on a glass slide."
How can Capillaria philippinensis be identified?,"Capillaria philippinensis larvae, when viewed under a microscope, appear as long, slender, and thread-like, often curled in the intestines of infected hosts."
What are the diagnostic features of Capillaria philippinensis?,"Capillaria philippinensis larvae, when viewed under a microscope, appear as long, slender, and thread-like, often curled in the intestines of infected hosts."
What are the key facts about Enterobius vermicularis?,"The eggs of Enterobius vermicularis are clear, slightly oval, and have a distinctive flattened side that can be easily distinguished under a microscope."
What information is related to Enterobius vermicularis?,"The eggs of Enterobius vermicularis are clear, slightly oval, and have a distinctive flattened side that can be easily distinguished under a microscope."
What information is related to Fasciolopsis buski?,"Under the microscope, Fasciolopsis buski adults appear flat, leaf-shaped, and large, with a prominent ventral sucker visible near the midline."
Can you describe characteristics of Fasciolopsis buski?,"Under the microscope, Fasciolopsis buski adults appear flat, leaf-shaped, and large, with a prominent ventral sucker visible near the midline."
What are the key facts about Ascaris lumbricoides?,"Ascaris lumbricoides adults are cylindrical with a smooth outer surface, and they have a characteristic pinkish hue when observed in the intestines."
What are the diagnostic features of Ascaris lumbricoides?,"Ascaris lumbricoides adults are cylindrical with a smooth outer surface, and they have a characteristic pinkish hue when observed in the intestines."
What information is related to Capillaria philippinensis?,"The body of Capillaria philippinensis appears threadlike and translucent, with a sharp, curved posterior end visible under the microscope."
What are the key facts about Capillaria philippinensis?,"The body of Capillaria philippinensis appears threadlike and translucent, with a sharp, curved posterior end visible under the microscope."
Can you describe characteristics of Enterobius vermicularis?,"Enterobius vermicularis adult worms are thin and white, with a pin-like shape that is very distinct when observed in the rectum under the microscope."
Can you describe characteristics of Enterobius vermicularis?,"Enterobius vermicularis adult worms are thin and white, with a pin-like shape that is very distinct when observed in the rectum under the microscope."
What are the key facts about Fasciolopsis buski?,"Fasciolopsis buski is a large fluke that has a flat, leaf-like body, measuring up to 7 cm in length, with both an oral and ventral sucker visible under the microscope."
What information is related to Fasciolopsis buski?,"Fasciolopsis buski is a large fluke that has a flat, leaf-like body, measuring up to 7 cm in length, with both an oral and ventral sucker visible under the microscope."
What is important to know about Ascaris lumbricoides?,"Ascaris lumbricoides eggs have a smooth, rough outer membrane with a prominent thickening around the periphery, visible under a compound microscope."
Can you describe characteristics of Ascaris lumbricoides?,"Ascaris lumbricoides eggs have a smooth, rough outer membrane with a prominent thickening around the periphery, visible under a compound microscope."
How can Capillaria philippinensis be identified?,"Capillaria philippinensis adult worms appear thread-like and slender, with a cylindrical body and sharp anterior end when viewed through a microscope."
What information is related to Capillaria philippinensis?,"Capillaria philippinensis adult worms appear thread-like and slender, with a cylindrical body and sharp anterior end when viewed through a microscope."
Can you describe characteristics of Enterobius vermicularis?,"Enterobius vermicularis eggs are typically transparent, with a flattened side, which makes them easy to differentiate from other parasitic eggs under microscopic examination."
What are the diagnostic features of Enterobius vermicularis?,"Enterobius vermicularis eggs are typically transparent, with a flattened side, which makes them easy to differentiate from other parasitic eggs under microscopic examination."
What are the diagnostic features of Fasciolopsis buski?,"Fasciolopsis buski infection is primarily treated with praziquantel, an anti-parasitic medication."
What information is related to Fasciolopsis buski?,"Fasciolopsis buski infection is primarily treated with praziquantel, an anti-parasitic medication."
What are the diagnostic features of Ascaris lumbricoides?,Infected individuals with Ascaris lumbricoides may experience coughing and respiratory issues as part of the larval migration phase.
What are the diagnostic features of Ascaris lumbricoides?,Infected individuals with Ascaris lumbricoides may experience coughing and respiratory issues as part of the larval migration phase.
What are the key facts about Capillaria philippinensis?,"Capillaria philippinensis is often found in Southeast Asia, especially in regions where people consume raw freshwater fish."
What are the diagnostic features of Capillaria philippinensis?,"Capillaria philippinensis is often found in Southeast Asia, especially in regions where people consume raw freshwater fish."
What information is related to Enterobius vermicularis?,Enterobius vermicularis is the most common helminth infection in children worldwide.
What information is related to Enterobius vermicularis?,Enterobius vermicularis is the most common helminth infection in children worldwide.
How can Fasciolopsis buski be identified?,"Fasciolopsis buski causes inflammation and infection in the intestines, liver, and bile ducts of the host."
How can Fasciolopsis buski be identified?,"Fasciolopsis buski causes inflammation and infection in the intestines, liver, and bile ducts of the host."
How can Ascaris lumbricoides be identified?,"Ascaris lumbricoides larvae, when observed under a microscope, appear translucent and long, measuring up to 2-3 mm in length, with visible muscular structures."
What is important to know about Ascaris lumbricoides?,"Ascaris lumbricoides larvae, when observed under a microscope, appear translucent and long, measuring up to 2-3 mm in length, with visible muscular structures."
What are the diagnostic features of Capillaria philippinensis?,"Capillaria philippinensis eggs are oval and slightly asymmetrical, with a prominent, clear plug at each end, distinguishable under microscopic analysis."
What information is related to Capillaria philippinensis?,"Capillaria philippinensis eggs are oval and slightly asymmetrical, with a prominent, clear plug at each end, distinguishable under microscopic analysis."
What information is related to Enterobius vermicularis?,"Under a microscope, the thin, white body of Enterobius vermicularis adult worms is clearly visible in the intestines of infected hosts."
What information is related to Enterobius vermicularis?,"Under a microscope, the thin, white body of Enterobius vermicularis adult worms is clearly visible in the intestines of infected hosts."
What information is related to Fasciolopsis buski?,"Fasciolopsis buski is often identified in tissue samples due to its large, oval shape and the presence of a prominent operculum on the egg."
What are the key facts about Fasciolopsis buski?,"Fasciolopsis buski is often identified in tissue samples due to its large, oval shape and the presence of a prominent operculum on the egg."
How can Ascaris lumbricoides be identified?,"When observed under the microscope, Ascaris lumbricoides shows large eggs with a thick outer shell and a distinct, rough surface."
What is important to know about Ascaris lumbricoides?,"When observed under the microscope, Ascaris lumbricoides shows large eggs with a thick outer shell and a distinct, rough surface."
What are the key facts about Capillaria philippinensis?,Capillaria philippinensis eggs are noticeable under the microscope due to their distinctive barrel shape and the presence of plugs at both ends.
How can Capillaria philippinensis be identified?,Capillaria philippinensis eggs are noticeable under the microscope due to their distinctive barrel shape and the presence of plugs at both ends.
What are the key facts about Enterobius vermicularis?,"The microscopic examination of Enterobius vermicularis shows eggs with a flattened side and clear appearance, making them easily identifiable."
What is important to know about Enterobius vermicularis?,"The microscopic examination of Enterobius vermicularis shows eggs with a flattened side and clear appearance, making them easily identifiable."
What are the diagnostic features of Fasciolopsis buski?,"Fasciolopsis buski is often identified in tissue samples due to its large, oval shape and the presence of a prominent operculum on the egg."
What is important to know about Fasciolopsis buski?,"Fasciolopsis buski is often identified in tissue samples due to its large, oval shape and the presence of a prominent operculum on the egg."
What is important to know about Ascaris lumbricoides?,"When observed under the microscope, Ascaris lumbricoides larvae appear curved and worm-like, often found migrating through the host's tissues."
How can Ascaris lumbricoides be identified?,"When observed under the microscope, Ascaris lumbricoides larvae appear curved and worm-like, often found migrating through the host's tissues."
Can you describe characteristics of Capillaria philippinensis?,"Capillaria philippinensis adults are thread-like with sharp anterior and posterior ends, clearly visible when observed under a microscope."
What are the key facts about Capillaria philippinensis?,"Capillaria philippinensis adults are thread-like with sharp anterior and posterior ends, clearly visible when observed under a microscope."
Can you describe characteristics of Enterobius vermicularis?,"Enterobius vermicularis larvae look tiny, translucent, and often curved when viewed under a microscope after fecal analysis."
What are the key facts about Enterobius vermicularis?,"Enterobius vermicularis larvae look tiny, translucent, and often curved when viewed under a microscope after fecal analysis."
What information is related to Fasciolopsis buski?,"Fasciolopsis buski eggs appear as large, oval structures with a distinct operculum visible under a microscope."
How can Fasciolopsis buski be identified?,"Fasciolopsis buski eggs appear as large, oval structures with a distinct operculum visible under a microscope."
What are the key facts about Ascaris lumbricoides?,"Infection with Ascaris lumbricoides can lead to abdominal discomfort, nausea, and malnutrition, particularly in children."
What are the key facts about Ascaris lumbricoides?,"Infection with Ascaris lumbricoides can lead to abdominal discomfort, nausea, and malnutrition, particularly in children."
How can Capillaria philippinensis be identified?,"Capillaria philippinensis infections often cause severe abdominal pain, diarrhea, and weight loss in infected individuals."
Can you describe characteristics of Capillaria philippinensis?,"Capillaria philippinensis infections often cause severe abdominal pain, diarrhea, and weight loss in infected individuals."
What information is related to Enterobius vermicularis?,"The most common symptom of Enterobius vermicularis infection is itching around the anus, especially at night."
What is important to know about Enterobius vermicularis?,"The most common symptom of Enterobius vermicularis infection is itching around the anus, especially at night."
What information is related to Fasciolopsis buski?,"Fasciolopsis buski infection may lead to symptoms such as abdominal pain, diarrhea, and jaundice due to liver involvement."
What are the key facts about Fasciolopsis buski?,"Fasciolopsis buski infection may lead to symptoms such as abdominal pain, diarrhea, and jaundice due to liver involvement."
What are the diagnostic features of Ascaris lumbricoides?,"Ascaris lumbricoides infections can cause coughing and wheezing, particularly during the larval migration phase through the lungs."
What are the key facts about Ascaris lumbricoides?,"Ascaris lumbricoides infections can cause coughing and wheezing, particularly during the larval migration phase through the lungs."
What are the key facts about Capillaria philippinensis?,"Infected individuals with Capillaria philippinensis often experience bloating, diarrhea, and malabsorption, leading to weight loss."
Can you describe characteristics of Capillaria philippinensis?,"Infected individuals with Capillaria philippinensis often experience bloating, diarrhea, and malabsorption, leading to weight loss."
What are the diagnostic features of Enterobius vermicularis?,Enterobius vermicularis infections can cause irritability and sleep disturbances due to the itching caused by the worms.
What is important to know about Enterobius vermicularis?,Enterobius vermicularis infections can cause irritability and sleep disturbances due to the itching caused by the worms.
What are the key facts about Fasciolopsis buski?,"Fasciolopsis buski can cause severe abdominal pain, nausea, and vomiting, especially after consuming contaminated water plants."
Can you describe characteristics of Fasciolopsis buski?,"Fasciolopsis buski can cause severe abdominal pain, nausea, and vomiting, especially after consuming contaminated water plants."
What is important to know about Ascaris lumbricoides?,"Ascaris lumbricoides infection can result in intestinal blockages, leading to severe pain and vomiting in some cases."
What information is related to Ascaris lumbricoides?,"Ascaris lumbricoides infection can result in intestinal blockages, leading to severe pain and vomiting in some cases."
What information is related to Capillaria philippinensis?,"Capillaria philippinensis infection can cause gastrointestinal bleeding, nausea, and extreme weight loss if left untreated."
What are the key facts about Capillaria philippinensis?,"Capillaria philippinensis infection can cause gastrointestinal bleeding, nausea, and extreme weight loss if left untreated."
What is important to know about Enterobius vermicularis?,Enterobius vermicularis infection is often associated with abdominal discomfort and visible irritation in the anal area due to constant scratching.
How can Enterobius vermicularis be identified?,Enterobius vermicularis infection is often associated with abdominal discomfort and visible irritation in the anal area due to constant scratching.
How can Fasciolopsis buski be identified?,"Fasciolopsis buski infection may lead to liver inflammation, jaundice, and fever as the parasite affects the bile ducts."
What is important to know about Fasciolopsis buski?,"Fasciolopsis buski infection may lead to liver inflammation, jaundice, and fever as the parasite affects the bile ducts."
What are the diagnostic features of Ascaris lumbricoides?,"In severe cases, Ascaris lumbricoides infection can lead to malnutrition, especially in children who are frequently infected."
What are the key facts about Ascaris lumbricoides?,"In severe cases, Ascaris lumbricoides infection can lead to malnutrition, especially in children who are frequently infected."
What are the diagnostic features of Capillaria philippinensis?,"Capillaria philippinensis may cause a range of symptoms including abdominal pain, vomiting, and fever, particularly during the acute phase of infection."
Can you describe characteristics of Capillaria philippinensis?,"Capillaria philippinensis may cause a range of symptoms including abdominal pain, vomiting, and fever, particularly during the acute phase of infection."
Can you describe characteristics of Enterobius vermicularis?,Enterobius vermicularis infections are commonly associated with abdominal discomfort and a loss of appetite in young children due to the discomfort.
How can Enterobius vermicularis be identified?,Enterobius vermicularis infections are commonly associated with abdominal discomfort and a loss of appetite in young children due to the discomfort.
Can you describe characteristics of Fasciolopsis buski?,"Fasciolopsis buski infection is often marked by abdominal tenderness, pain in the upper right quadrant, and digestive disturbances."
What are the key facts about Fasciolopsis buski?,"Fasciolopsis buski infection is often marked by abdominal tenderness, pain in the upper right quadrant, and digestive disturbances."
How can Ascaris lumbricoides be identified?,Ascaris lumbricoides infections can cause a range of symptoms from mild gastrointestinal disturbances to serious respiratory issues due to lung migration of larvae.
What are the key facts about Ascaris lumbricoides?,Ascaris lumbricoides infections can cause a range of symptoms from mild gastrointestinal disturbances to serious respiratory issues due to lung migration of larvae.
Can you describe characteristics of Capillaria philippinensis?,Capillaria philippinensis can lead to severe malnutrition and dehydration due to chronic diarrhea and vomiting in affected individuals.
What is important to know about Capillaria philippinensis?,Capillaria philippinensis can lead to severe malnutrition and dehydration due to chronic diarrhea and vomiting in affected individuals.
Can you describe characteristics of Enterobius vermicularis?,"Enterobius vermicularis infections can result in restless sleep, particularly in children, as they experience itching around the anus."
What information is related to Enterobius vermicularis?,"Enterobius vermicularis infections can result in restless sleep, particularly in children, as they experience itching around the anus."
What are the key facts about Fasciolopsis buski?,"Fasciolopsis buski infection can lead to liver dysfunction, presenting with jaundice, fever, and generalized malaise."
What are the diagnostic features of Fasciolopsis buski?,"Fasciolopsis buski infection can lead to liver dysfunction, presenting with jaundice, fever, and generalized malaise."
Can you describe characteristics of Ascaris lumbricoides?,"Ascaris lumbricoides may cause digestive upset, including nausea, abdominal cramping, and bloating in infected individuals."
What is important to know about Ascaris lumbricoides?,"Ascaris lumbricoides may cause digestive upset, including nausea, abdominal cramping, and bloating in infected individuals."
Can you describe characteristics of Capillaria philippinensis?,"Capillaria philippinensis infection can cause dehydration, electrolyte imbalances, and persistent diarrhea, leading to a significant loss of body weight."
What information is related to Capillaria philippinensis?,"Capillaria philippinensis infection can cause dehydration, electrolyte imbalances, and persistent diarrhea, leading to a significant loss of body weight."
What are the diagnostic features of Enterobius vermicularis?,"Enterobius vermicularis infections can result in restlessness, irritability, and even urinary incontinence in children due to the itchiness."
What information is related to Enterobius vermicularis?,"Enterobius vermicularis infections can result in restlessness, irritability, and even urinary incontinence in children due to the itchiness."
What are the diagnostic features of Fasciolopsis buski?,"Fasciolopsis buski infection can cause fever, fatigue, and right upper quadrant pain as the fluke affects the liver and bile ducts."
Can you describe characteristics of Fasciolopsis buski?,"Fasciolopsis buski infection can cause fever, fatigue, and right upper quadrant pain as the fluke affects the liver and bile ducts."
What are the key facts about Ascaris lumbricoides?,"Ascaris lumbricoides may cause respiratory symptoms such as wheezing, coughing, and chest pain due to larval migration through the lungs."
What is important to know about Ascaris lumbricoides?,"Ascaris lumbricoides may cause respiratory symptoms such as wheezing, coughing, and chest pain due to larval migration through the lungs."
How can Capillaria philippinensis be identified?,"Capillaria philippinensis infection can result in significant weight loss, fatigue, and severe abdominal pain, which may mimic other gastrointestinal disorders."
What information is related to Capillaria philippinensis?,"Capillaria philippinensis infection can result in significant weight loss, fatigue, and severe abdominal pain, which may mimic other gastrointestinal disorders."
How can Enterobius vermicularis be identified?,"Enterobius vermicularis infections can result in restlessness, irritability, and even urinary incontinence in children due to the itchiness."
What is important to know about Enterobius vermicularis?,"Enterobius vermicularis infections can result in restlessness, irritability, and even urinary incontinence in children due to the itchiness."
How can Fasciolopsis buski be identified?,"Fasciolopsis buski infection can cause nausea, vomiting, and upper abdominal pain, often triggered by eating raw aquatic plants."
What information is related to Fasciolopsis buski?,"Fasciolopsis buski infection can cause nausea, vomiting, and upper abdominal pain, often triggered by eating raw aquatic plants."
What are the diagnostic features of Ascaris lumbricoides?,"Ascaris lumbricoides may cause intestinal obstructions, resulting in severe pain and bloating, especially if the infection is left untreated."
What information is related to Ascaris lumbricoides?,"Ascaris lumbricoides may cause intestinal obstructions, resulting in severe pain and bloating, especially if the infection is left untreated."
Can you describe characteristics of Capillaria philippinensis?,"Capillaria philippinensis can cause symptoms ranging from mild abdominal pain to severe malnutrition, vomiting, and dehydration in severe cases."
What is important to know about Capillaria philippinensis?,"Capillaria philippinensis can cause symptoms ranging from mild abdominal pain to severe malnutrition, vomiting, and dehydration in severe cases."
What are the diagnostic features of Enterobius vermicularis?,"Enterobius vermicularis can cause nocturnal anal itching, leading to sleep disturbances and discomfort."
How can Enterobius vermicularis be identified?,"Enterobius vermicularis can cause nocturnal anal itching, leading to sleep disturbances and discomfort."
What are the diagnostic features of Fasciolopsis buski?,"Fasciolopsis buski infection can cause chronic fatigue, weight loss, and abdominal tenderness as the parasite causes inflammation in the digestive tract."
How can Fasciolopsis buski be identified?,"Fasciolopsis buski infection can cause chronic fatigue, weight loss, and abdominal tenderness as the parasite causes inflammation in the digestive tract."
Can you describe characteristics of Ascaris lumbricoides?,"The most common treatment for Ascaris lumbricoides infection is the use of albendazole, which effectively kills the adult worms."
What are the key facts about Ascaris lumbricoides?,"The most common treatment for Ascaris lumbricoides infection is the use of albendazole, which effectively kills the adult worms."
How can Capillaria philippinensis be identified?,"Capillaria philippinensis infections are often treated with anthelmintic drugs like mebendazole or albendazole, alongside supportive therapy."
Can you describe characteristics of Capillaria philippinensis?,"Capillaria philippinensis infections are often treated with anthelmintic drugs like mebendazole or albendazole, alongside supportive therapy."
Can you describe characteristics of Enterobius vermicularis?,"Enterobius vermicularis is commonly treated with mebendazole or pyrantel pamoate, which eliminate the adult worms."
What are the key facts about Enterobius vermicularis?,"Enterobius vermicularis is commonly treated with mebendazole or pyrantel pamoate, which eliminate the adult worms."
What are the diagnostic features of Fasciolopsis buski?,"Fasciolopsis buski infections are treated with praziquantel, an effective anti-parasitic medication that targets the flukes."
How can Fasciolopsis buski be identified?,"Fasciolopsis buski infections are treated with praziquantel, an effective anti-parasitic medication that targets the flukes."
What is important to know about Ascaris lumbricoides?,"Ascaris lumbricoides infections can be treated with single doses of albendazole or mebendazole, which kill the adult worms in the intestines."
What is important to know about Ascaris lumbricoides?,"Ascaris lumbricoides infections can be treated with single doses of albendazole or mebendazole, which kill the adult worms in the intestines."
What are the key facts about Capillaria philippinensis?,"In cases of Capillaria philippinensis, the treatment typically involves the use of albendazole or mebendazole for a period of several weeks."
How can Capillaria philippinensis be identified?,"In cases of Capillaria philippinensis, the treatment typically involves the use of albendazole or mebendazole for a period of several weeks."
What are the diagnostic features of Enterobius vermicularis?,"Enterobius vermicularis is often treated with a single dose of mebendazole or pyrantel pamoate, followed by a second dose after two weeks to prevent reinfection."
What information is related to Enterobius vermicularis?,"Enterobius vermicularis is often treated with a single dose of mebendazole or pyrantel pamoate, followed by a second dose after two weeks to prevent reinfection."
What information is related to Fasciolopsis buski?,"Fasciolopsis buski is treated with praziquantel, which disrupts the parasite's ability to survive, leading to its death."
What are the key facts about Fasciolopsis buski?,"Fasciolopsis buski is treated with praziquantel, which disrupts the parasite's ability to survive, leading to its death."
How can Ascaris lumbricoides be identified?,"In severe cases of Ascaris lumbricoides infection, corticosteroids may be prescribed to reduce inflammation caused by larval migration through the lungs."
How can Ascaris lumbricoides be identified?,"In severe cases of Ascaris lumbricoides infection, corticosteroids may be prescribed to reduce inflammation caused by larval migration through the lungs."
How can Capillaria philippinensis be identified?,"Capillaria philippinensis treatment requires the use of anti-parasitic medications like albendazole, along with managing dehydration and electrolyte imbalances."
What information is related to Capillaria philippinensis?,"Capillaria philippinensis treatment requires the use of anti-parasitic medications like albendazole, along with managing dehydration and electrolyte imbalances."
What are the diagnostic features of Enterobius vermicularis?,"For Enterobius vermicularis, treating all household members simultaneously with mebendazole helps prevent reinfection and reduces transmission risk."
What are the key facts about Enterobius vermicularis?,"For Enterobius vermicularis, treating all household members simultaneously with mebendazole helps prevent reinfection and reduces transmission risk."
How can Fasciolopsis buski be identified?,"Fasciolopsis buski infection is treated with praziquantel, which can be combined with supportive treatments to manage symptoms like abdominal pain."
What are the key facts about Fasciolopsis buski?,"Fasciolopsis buski infection is treated with praziquantel, which can be combined with supportive treatments to manage symptoms like abdominal pain."
How can Ascaris lumbricoides be identified?,"Ascaris lumbricoides may require multiple courses of albendazole in persistent cases, especially if reinfection occurs."
What is important to know about Ascaris lumbricoides?,"Ascaris lumbricoides may require multiple courses of albendazole in persistent cases, especially if reinfection occurs."
Can you describe characteristics of Capillaria philippinensis?,"Capillaria philippinensis can be effectively treated with albendazole or mebendazole, but supportive care for dehydration and electrolyte loss is crucial."
What information is related to Capillaria philippinensis?,"Capillaria philippinensis can be effectively treated with albendazole or mebendazole, but supportive care for dehydration and electrolyte loss is crucial."
How can Enterobius vermicularis be identified?,Enterobius vermicularis infections are often treated with a second dose of anti-parasitic medication after two weeks to ensure the eggs have been eliminated.
What information is related to Enterobius vermicularis?,Enterobius vermicularis infections are often treated with a second dose of anti-parasitic medication after two weeks to ensure the eggs have been eliminated.
What information is related to Fasciolopsis buski?,"Fasciolopsis buski can cause long-term complications, so treatment with praziquantel should be followed by regular monitoring of liver function."
How can Fasciolopsis buski be identified?,"Fasciolopsis buski can cause long-term complications, so treatment with praziquantel should be followed by regular monitoring of liver function."
Can you describe characteristics of Ascaris lumbricoides?,Albendazole is the drug of choice for treating Ascaris lumbricoides and is effective in eliminating adult worms from the intestines.
What are the key facts about Ascaris lumbricoides?,Albendazole is the drug of choice for treating Ascaris lumbricoides and is effective in eliminating adult worms from the intestines.
What information is related to Capillaria philippinensis?,"Capillaria philippinensis treatment often involves the use of albendazole or mebendazole, but supportive care for malnutrition and dehydration is vital."
What are the key facts about Capillaria philippinensis?,"Capillaria philippinensis treatment often involves the use of albendazole or mebendazole, but supportive care for malnutrition and dehydration is vital."
How can Enterobius vermicularis be identified?,Enterobius vermicularis is treated effectively with a combination of anti-parasitic drugs and hygiene measures.
Can you describe characteristics of Enterobius vermicularis?,Enterobius vermicularis is treated effectively with a combination of anti-parasitic drugs and hygiene measures.
How can Fasciolopsis buski be identified?,"Fasciolopsis buski infection is treated with praziquantel, with follow-up therapy to monitor liver health and manage any residual symptoms."
Can you describe characteristics of Fasciolopsis buski?,"Fasciolopsis buski infection is treated with praziquantel, with follow-up therapy to monitor liver health and manage any residual symptoms."
What are the diagnostic features of Ascaris lumbricoides?,"Ascaris lumbricoides infections can be controlled through proper sanitation, deworming medications, and regular health checkups to prevent reinfection."
Can you describe characteristics of Ascaris lumbricoides?,"Ascaris lumbricoides infections can be controlled through proper sanitation, deworming medications, and regular health checkups to prevent reinfection."
How can Capillaria philippinensis be identified?,Capillaria philippinensis requires a combination of anti-parasitic drugs and symptomatic treatment to resolve the infection and prevent complications.
What information is related to Capillaria philippinensis?,Capillaria philippinensis requires a combination of anti-parasitic drugs and symptomatic treatment to resolve the infection and prevent complications.
What are the diagnostic features of Enterobius vermicularis?,Enterobius vermicularis requires thorough cleaning of living environments to eliminate eggs and prevent reinfection after treatment with anti-parasitic drugs.
Can you describe characteristics of Enterobius vermicularis?,Enterobius vermicularis requires thorough cleaning of living environments to eliminate eggs and prevent reinfection after treatment with anti-parasitic drugs.
What information is related to Fasciolopsis buski?,"Fasciolopsis buski can be treated with a dose of praziquantel, but additional treatment may be needed to address any liver damage caused by the fluke."
How can Fasciolopsis buski be identified?,"Fasciolopsis buski can be treated with a dose of praziquantel, but additional treatment may be needed to address any liver damage caused by the fluke."
